206.33	Blood [2]
206.27	Bloody Pike
206.8	Bones [5]
213.7	Ceiling Roots [4]
211.33	Chained Woman
203.2	Columns [7]
206.22	Corpse Pile [3]
211.32	Cross
206.15	Crucified Corpse [2]
206.35	Eviscerated Animal
206.36	Hanged Person
211.4	Hanging Chains [4]
206.10	Hanging Skeleton
206.14	Head Pile
206.17	Heads on Pikes [2]
206.11	Impaled Corpses [3]
211.26	Iron Maidens [2]
211.22	Noose
206.26	Skeleton in Cage
206.0	Skulls [5]
206.2	Skulls on Pikes [3]
300.0	Stalactites [6]
300.6	Stalagmites [10]
098.0	Statues - Monsters [20]
211.18	Stocks [2]
206.19	Tombstones [3]
211.28	Torture Rack
105.0	Underwater [11]
106.0	Underwater - Animated [7]