62031	Bridge - Rope
62012	Bridge - Stone [3]
61608	Bridge - Stone - Mid [2]
61600	Bridge - Stone - End [2]
64000	Ceiling 2x2
58019	Ceiling 6x6
58003	Chute - Ceiling - Hole
58002	Chute - Dirt Floor
58004	Chutes [2]
56000	Circular Staircase - Bottom [2]
56002	Circular Staircase - Landing [3]
56001	Circular Staircase - Mid [2]
63700	Circular Staircase - Room - Ceiling
56006	Circular Staircase - Room - Mid [4]
56010	Circular Staircase - Room - Top
58005	Doorway
64001	Floor 6x3
64003	Floor 6x6
64004	Floor 7x3
64005	Floor 7x6
58001	Floor/Ceiling 2x2 - Chute 1x0.5
58000	Floor/Ceiling 2x2 - Chute 1x1
58017	Pit - Floor 4x4 - 4 Chutes
58018	Pit - Half-Room - 1 Door
54000	Platform - 1x1
59010	Platform - Block Stairs
58041	Platform - Bridge - Rectangle
58040	Platform - Bridge - Spike
58042	Platform - Chipped Beam
58055	Platform - Corner Beam
62322	Platform - Marble
58034	Platform - Mid - 1x1
58035	Platform - Mid - 2x2
58036	Platform - Mid - 2x2 - 1 Door
58046	Platform - Mid - 2x2 - Gap [2]
59014	Platform - Mid [2]
58043	Platform - Side
58044	Platform - Spike
58033	Platform - Top - 2x2 - 1 Door
72019	Platform 1x1x0	5
58045	Platform 1x3 - With 1x1 Floor
58032	Platform 3x3x1 - Bridges
60506	Portcullis
59006	Ramp - Big
59008	Ramp - Small [2]
61025	Secret Wall Block
59000	Stairs [7]
59004	Stairs - Corner [2]
61026	Switch - Lever Base
61027	Switch - Levers [2]
61032	Switch - Wheel
54001	Trapdoor